1;Pedro Silva;;(35) 99123-4567;pedro.s@email.com
2;Pedro Silva;;(35) 99123-4567;pedro.s@email.com
3;Pedro Silva;;(35) 99123-4567;pedro.s@email.com
4;Pedro Silva;;(35) 99123-4567;pedro.s@email.com
5;Pedro Silva;;(35) 99123-4567;pedro.s@email.com
6;Pedro Silva;;(35) 99123-4567;pedro.s@email.com
7;Pedro Silva;;(35) 99123-4567;pedro.s@email.com
8;Pedro Silva;;(35) 99123-4567;pedro.s@email.com
9;Pedro Silva;;(35) 99123-4567;pedro.s@email.com
10;Pedro Silva;;(35) 99123-4567;pedro.s@email.com
11;Pedro Silva;;(35) 99123-4567;pedro.s@email.com
